{
  "project_info": {
    "project_number": "554655224879",
    "firebase_url": "https://deepak-bb0cc.firebaseio.com",
    "project_id": "deepak-bb0cc",
    "storage_bucket": "deepak-bb0cc.appspot.com"
  },
  "client": [
    {
      "client_info": {
        "mobilesdk_app_id": "1:554655224879:android:a94e359564e7113e",
        "android_client_info": {
          "package_name": "com.example.demonstration"
        }
      },
      "oauth_client": [
        {
          "client_id": "554655224879-c0rp18jg3usnjck175qalr9dj53ivvhn.apps.googleusercontent.com",
          "client_type": 1,
          "android_info": {
            "package_name": "com.example.demonstration",
            "certificate_hash": "84b86ade9f79bdeafd62839de5bb4b24f8ba3005"
          }
        },
        {
          "client_id": "554655224879-4vutpjdc5looi2nulr8itpfk5nqe0jgo.apps.googleusercontent.com",
          "client_type": 3
        }
      ],
      "api_key": [
        {
          "current_key": "AIzaSyC-J_MvCv5N1rSxpO55yx_InPxnVrL6Aoo"
        }
      ],
      "services": {
        "appinvite_service": {
          "other_platform_oauth_client": [
            {
              "client_id": "554655224879-4vutpjdc5looi2nulr8itpfk5nqe0jgo.apps.googleusercontent.com",
              "client_type": 3
            }
          ]
        }
      }
    }
  ],
  "configuration_version": "1"
}